{
  "experiment_name": "train_energynet_no_opt_0_action_with_disp",
  "config": {
    "env_config": {
      "use_dispatch_action": true,
      "dispatch_strategy": "PROPORTIONAL"
    },
    "training_params": {
      "total_timesteps": 300000,
      "learning_starts": 10000,
      "train_freq": 1,
      "eval_freq": 5000,
      "eval_episodes": 10,
      "save_freq": 10000
    },
    "agent_params": {
      "weights": [
        0.6,
        0.4
      ],
      "actor_lr": 0.0003,
      "critic_lr": 0.0003,
      "alpha_lr": 0.0003,
      "gamma": 0.99,
      "tau": 0.005,
      "alpha": 0.2,
      "auto_tune_alpha": true,
      "actor_hidden_dims": [
        256,
        256
      ],
      "critic_hidden_dims": [
        256,
        256
      ],
      "buffer_capacity": 1000000,
      "batch_size": 1024,
      "use_lr_annealing": false,
      "lr_annealing_type": "cosine",
      "lr_annealing_steps": null,
      "lr_min_factor": 0.1,
      "lr_decay_rate": 0.95,
      "use_reward_scaling": false,
      "reward_scale_epsilon": 0.0001,
      "use_orthogonal_init": false,
      "orthogonal_gain": 1.0,
      "actor_orthogonal_gain": 0.01,
      "critic_orthogonal_gain": 1.0,
      "use_value_clipping": false,
      "value_clip_range": 200.0
    },
    "reproducibility": {
      "seed": 42
    }
  },
  "training_time": 10847.999598264694,
  "total_timesteps": 300000,
  "final_evaluation": {
    "mean_rewards": [
      -1392039.3755750302,
      -6721.8139967106035
    ],
    "std_rewards": [
      12288.187287893736,
      61.44093643946858
    ],
    "scalarized_mean": -837912.3509437025,
    "scalarized_std": 7397.48874731203,
    "all_rewards": [
      [
        -1367365.8180497445,
        -6598.4462090841735
      ],
      [
        -1393691.9284944395,
        -6730.076761307646
      ],
      [
        -1401105.0246195686,
        -6767.142241933292
      ],
      [
        -1394119.5707058823,
        -6732.214972364858
      ],
      [
        -1392865.8109508974,
        -6725.946173589935
      ],
      [
        -1405627.9482878998,
        -6789.756860274947
      ],
      [
        -1376585.189658948,
        -6644.543067130185
      ],
      [
        -1393704.4354444433,
        -6730.139296057666
      ],
      [
        -1386708.0896813432,
        -6695.157567242166
      ],
      [
        -1378995.8693937915,
        -6656.596465804409
      ],
      [
        -1409396.0171538875,
        -6808.597204604888
      ],
      [
        -1382698.2397590557,
        -6675.1083176307275
      ],
      [
        -1377666.269070092,
        -6649.948464185909
      ],
      [
        -1382699.6699562962,
        -6675.115468616929
      ],
      [
        -1404472.023466571,
        -6783.977236168308
      ],
      [
        -1380216.7559938973,
        -6662.700898804934
      ],
      [
        -1417552.6549758646,
        -6849.380393714773
      ],
      [
        -1387849.8641665145,
        -6700.866439668023
      ],
      [
        -1399488.8777015628,
        -6759.061507343264
      ],
      [
        -1398217.4142545145,
        -6752.704190108023
      ],
      [
        -1400808.9066545484,
        -6765.661652108191
      ],
      [
        -1381653.2987751467,
        -6669.883612711186
      ],
      [
        -1369550.7562539938,
        -6609.370900105418
      ],
      [
        -1410840.8718434486,
        -6815.821478052693
      ],
      [
        -1411554.7397300317,
        -6819.390817485608
      ],
      [
        -1388614.1842372045,
        -6704.688040021476
      ],
      [
        -1407387.2042433852,
        -6798.553140052373
      ],
      [
        -1404408.740280456,
        -6783.660820237729
      ],
      [
        -1387764.3213769768,
        -6700.438725720332
      ],
      [
        -1386953.7039550787,
        -6696.385638610841
      ],
      [
        -1395663.2514168592,
        -6739.933375919743
      ],
      [
        -1399785.4104304276,
        -6760.544170987588
      ],
      [
        -1399571.5075565754,
        -6759.474656618322
      ],
      [
        -1400948.486977309,
        -6766.359553721991
      ],
      [
        -1398969.5269307136,
        -6756.4647534890155
      ],
      [
        -1381101.3682436007,
        -6667.123960053456
      ],
      [
        -1368183.624676886,
        -6602.535242219881
      ],
      [
        -1397991.6960704196,
        -6751.5755991875485
      ],
      [
        -1410617.8450458548,
        -6814.706344064723
      ],
      [
        -1366651.7637014573,
        -6594.875937342733
      ],
      [
        -1385252.1639299062,
        -6687.877938484983
      ],
      [
        -1401184.7631196254,
        -6767.540934433577
      ],
      [
        -1394281.155873188,
        -6733.022898201387
      ],
      [
        -1389759.9424474377,
        -6710.416831072637
      ],
      [
        -1391674.2656230668,
        -6719.988446950785
      ],
      [
        -1396282.5882322476,
        -6743.030059996685
      ],
      [
        -1371791.9194604484,
        -6620.576716137693
      ],
      [
        -1396757.9691400477,
        -6745.4069645356885
      ],
      [
        -1384716.134012636,
        -6685.19778889863
      ],
      [
        -1390219.1967273224,
        -6712.713102472059
      ]
    ]
  },
  "training_stats": {
    "num_episodes": 6298,
    "final_episode_reward": [
      -1380982.441121775,
      -6668.058160217794
    ]
  },
  "model_path": "./models/train_energynet_no_opt_0_action_with_disp_1754349507_final.pth"
}