{
  "experiment_name": "train_energynet_no_opt_0_action_no_disp",
  "config": {
    "env_config": {
      "use_dispatch_action": false,
      "dispatch_strategy": "PROPORTIONAL"
    },
    "training_params": {
      "total_timesteps": 300000,
      "learning_starts": 10000,
      "train_freq": 1,
      "eval_freq": 5000,
      "eval_episodes": 10,
      "save_freq": 10000
    },
    "agent_params": {
      "weights": [
        0.6,
        0.4
      ],
      "actor_lr": 0.0003,
      "critic_lr": 0.0003,
      "alpha_lr": 0.0003,
      "gamma": 0.99,
      "tau": 0.005,
      "alpha": 0.2,
      "auto_tune_alpha": true,
      "actor_hidden_dims": [
        256,
        256
      ],
      "critic_hidden_dims": [
        256,
        256
      ],
      "buffer_capacity": 1000000,
      "batch_size": 1024,
      "use_lr_annealing": false,
      "lr_annealing_type": "cosine",
      "lr_annealing_steps": null,
      "lr_min_factor": 0.1,
      "lr_decay_rate": 0.95,
      "use_reward_scaling": false,
      "reward_scale_epsilon": 0.0001,
      "use_orthogonal_init": false,
      "orthogonal_gain": 1.0,
      "actor_orthogonal_gain": 0.01,
      "critic_orthogonal_gain": 1.0,
      "use_value_clipping": false,
      "value_clip_range": 200.0
    },
    "reproducibility": {
      "seed": 42
    }
  },
  "training_time": 10390.004758834839,
  "total_timesteps": 300000,
  "final_evaluation": {
    "mean_rewards": [
      -758183.0567275229,
      -190.9152836376143
    ],
    "std_rewards": [
      7008.463879440808,
      35.042319397204125
    ],
    "scalarized_mean": -454986.20014996873,
    "scalarized_std": 4219.095255423365,
    "all_rewards": [
      [
        -745733.9812064304,
        -128.66990603215132
      ],
      [
        -761803.9721537334,
        -209.01986076866768
      ],
      [
        -760235.8336088287,
        -201.17916804414406
      ],
      [
        -769543.365857754,
        -247.71682928876965
      ],
      [
        -758384.6876591243,
        -191.92343829562085
      ],
      [
        -765637.7628566795,
        -228.18881428339716
      ],
      [
        -757304.6201751063,
        -186.52310087553187
      ],
      [
        -761041.924777566,
        -205.20962388783053
      ],
      [
        -762425.9771134474,
        -212.12988556723724
      ],
      [
        -748646.6539510459,
        -143.23326975522966
      ],
      [
        -769533.1202477382,
        -247.6656012386912
      ],
      [
        -751446.8025590032,
        -157.23401279501664
      ],
      [
        -751623.3866672368,
        -158.1169333361851
      ],
      [
        -753588.19735889,
        -167.9409867944494
      ],
      [
        -755740.0476512435,
        -178.70023825621766
      ],
      [
        -765933.2796929965,
        -229.66639846498336
      ],
      [
        -767903.3309782228,
        -239.51665489111298
      ],
      [
        -753930.7123102646,
        -169.65356155132275
      ],
      [
        -765864.1167365657,
        -229.32058368282947
      ],
      [
        -759217.4222176404,
        -196.0871110882025
      ],
      [
        -754769.0857494143,
        -173.84542874707054
      ],
      [
        -755312.8412725006,
        -176.5642063625024
      ],
      [
        -741510.8697940247,
        -107.5543489701237
      ],
      [
        -762148.4726959971,
        -210.74236347998567
      ],
      [
        -769162.4455898859,
        -245.81222794943005
      ],
      [
        -764745.5789934585,
        -223.72789496729337
      ],
      [
        -768145.7220455747,
        -240.72861022787373
      ],
      [
        -762985.6193711531,
        -214.92809685576563
      ],
      [
        -753032.0547005387,
        -165.1602735026938
      ],
      [
        -757748.304668873,
        -188.74152334436508
      ],
      [
        -755511.2089168307,
        -177.55604458415374
      ],
      [
        -767541.4755999369,
        -237.70737799968364
      ],
      [
        -755235.4061018873,
        -176.17703050943686
      ],
      [
        -762775.2720927962,
        -213.8763604639805
      ],
      [
        -765284.2933061143,
        -226.4214665305713
      ],
      [
        -744244.1463670231,
        -121.22073183511534
      ],
      [
        -745336.7589437959,
        -126.68379471898001
      ],
      [
        -756183.3181071299,
        -180.91659053564902
      ],
      [
        -759924.068136954,
        -199.62034068476902
      ],
      [
        -743875.6724373242,
        -119.37836218661982
      ],
      [
        -759758.6679952055,
        -198.793339976027
      ],
      [
        -765158.7346895742,
        -225.7936734478711
      ],
      [
        -758209.3299952436,
        -191.04664997621816
      ],
      [
        -758733.2519363039,
        -193.66625968151956
      ],
      [
        -758143.1718242399,
        -190.71585912119906
      ],
      [
        -750274.0364808139,
        -151.37018240406866
      ],
      [
        -754012.5948473183,
        -170.06297423659106
      ],
      [
        -758311.6265987268,
        -191.55813299363422
      ],
      [
        -757556.6406301507,
        -187.78320315075294
      ],
      [
        -757982.9707078353,
        -189.9148535391761
      ]
    ]
  },
  "training_stats": {
    "num_episodes": 6298,
    "final_episode_reward": [
      -751615.891293549,
      -158.0794564677454
    ]
  },
  "model_path": "./models/train_energynet_no_opt_0_action_no_disp_1754339246_final.pth"
}