{
  "experiment_name": "train_energynet_full_opt_0_action_with_disp",
  "config": {
    "env_config": {
      "use_dispatch_action": true,
      "dispatch_strategy": "PROPORTIONAL"
    },
    "training_params": {
      "total_timesteps": 300000,
      "learning_starts": 10000,
      "train_freq": 1,
      "eval_freq": 5000,
      "eval_episodes": 10,
      "save_freq": 10000
    },
    "agent_params": {
      "weights": [
        0.6,
        0.4
      ],
      "actor_lr": 0.0003,
      "critic_lr": 0.0003,
      "alpha_lr": 0.0003,
      "gamma": 0.99,
      "tau": 0.005,
      "alpha": 0.2,
      "auto_tune_alpha": true,
      "actor_hidden_dims": [
        256,
        256
      ],
      "critic_hidden_dims": [
        256,
        256
      ],
      "buffer_capacity": 1000000,
      "batch_size": 1024,
      "use_lr_annealing": true,
      "lr_annealing_type": "cosine",
      "lr_annealing_steps": null,
      "lr_min_factor": 0.1,
      "lr_decay_rate": 0.95,
      "use_reward_scaling": true,
      "reward_scale_epsilon": 0.0001,
      "use_orthogonal_init": true,
      "orthogonal_gain": 1.0,
      "actor_orthogonal_gain": 0.01,
      "critic_orthogonal_gain": 1.0,
      "use_value_clipping": true,
      "value_clip_range": 200.0
    },
    "reproducibility": {
      "seed": 42
    }
  },
  "training_time": 10335.346235513687,
  "total_timesteps": 300000,
  "final_evaluation": {
    "mean_rewards": [
      -1392774.124796832,
      -6729.161488928621
    ],
    "std_rewards": [
      12288.187287893736,
      61.44093643946858
    ],
    "scalarized_mean": -838356.1394736706,
    "scalarized_std": 7397.488747312021,
    "all_rewards": [
      [
        -1368100.5672715462,
        -6605.793701302191
      ],
      [
        -1394426.6777162412,
        -6737.4242535256635
      ],
      [
        -1401839.7738413704,
        -6774.48973415131
      ],
      [
        -1394854.319927684,
        -6739.562464582876
      ],
      [
        -1393600.5601726992,
        -6733.2936658079525
      ],
      [
        -1406362.6975097016,
        -6797.104352492965
      ],
      [
        -1377319.9388807497,
        -6651.890559348202
      ],
      [
        -1394439.184666245,
        -6737.4867882756835
      ],
      [
        -1387442.838903145,
        -6702.5050594601835
      ],
      [
        -1379730.6186155933,
        -6663.943958022426
      ],
      [
        -1410130.7663756893,
        -6815.944696822906
      ],
      [
        -1383432.9889808574,
        -6682.455809848745
      ],
      [
        -1378401.0182918936,
        -6657.2959564039265
      ],
      [
        -1383434.419178098,
        -6682.462960834947
      ],
      [
        -1405206.7726883728,
        -6791.324728386326
      ],
      [
        -1380951.505215699,
        -6670.048391022951
      ],
      [
        -1418287.4041976663,
        -6856.727885932791
      ],
      [
        -1388584.6133883162,
        -6708.213931886041
      ],
      [
        -1400223.6269233646,
        -6766.408999561281
      ],
      [
        -1398952.1634763163,
        -6760.0516823260405
      ],
      [
        -1401543.6558763501,
        -6773.009144326209
      ],
      [
        -1382388.0479969485,
        -6677.231104929204
      ],
      [
        -1370285.5054757956,
        -6616.718392323435
      ],
      [
        -1411575.6210652504,
        -6823.168970270711
      ],
      [
        -1412289.4889518335,
        -6826.738309703625
      ],
      [
        -1389348.9334590062,
        -6712.0355322394935
      ],
      [
        -1408121.953465187,
        -6805.900632270391
      ],
      [
        -1405143.4895022577,
        -6791.008312455747
      ],
      [
        -1388499.0705987785,
        -6707.786217938349
      ],
      [
        -1387688.4531768805,
        -6703.7331308288585
      ],
      [
        -1396398.000638661,
        -6747.280868137761
      ],
      [
        -1400520.1596522294,
        -6767.891663205605
      ],
      [
        -1400306.256778377,
        -6766.82214883634
      ],
      [
        -1401683.2361991107,
        -6773.707045940008
      ],
      [
        -1399704.2761525153,
        -6763.812245707033
      ],
      [
        -1381836.1174654025,
        -6674.471452271474
      ],
      [
        -1368918.3738986878,
        -6609.882734437899
      ],
      [
        -1398726.4452922214,
        -6758.923091405566
      ],
      [
        -1411352.5942676566,
        -6822.053836282741
      ],
      [
        -1367386.512923259,
        -6602.22342956075
      ],
      [
        -1385986.913151708,
        -6695.225430703001
      ],
      [
        -1401919.5123414272,
        -6774.888426651594
      ],
      [
        -1395015.9050949898,
        -6740.370390419404
      ],
      [
        -1390494.6916692394,
        -6717.764323290655
      ],
      [
        -1392409.0148448686,
        -6727.335939168803
      ],
      [
        -1397017.3374540494,
        -6750.3775522147025
      ],
      [
        -1372526.6686822502,
        -6627.924208355711
      ],
      [
        -1397492.7183618494,
        -6752.754456753706
      ],
      [
        -1385450.8832344378,
        -6692.545281116648
      ],
      [
        -1390953.9459491242,
        -6720.060594690077
      ]
    ]
  },
  "training_stats": {
    "num_episodes": 6298,
    "final_episode_reward": [
      -1382396.289998728,
      -6682.196648987325
    ]
  },
  "model_path": "./models/train_energynet_full_opt_0_action_with_disp_1754339131_final.pth"
}