{
  "experiment_name": "train_energynet_full_opt__0_action_with_disp",
  "config": {
    "env_config": {
      "use_dispatch_action": true,
      "dispatch_strategy": "PROPORTIONAL"
    },
    "training_params": {
      "total_timesteps": 300000,
      "learning_starts": 10000,
      "train_freq": 1,
      "eval_freq": 5000,
      "eval_episodes": 10,
      "save_freq": 10000
    },
    "agent_params": {
      "weights": [
        0.6,
        0.4
      ],
      "actor_lr": 0.0003,
      "critic_lr": 0.0003,
      "alpha_lr": 0.0003,
      "gamma": 0.99,
      "tau": 0.005,
      "alpha": 0.2,
      "auto_tune_alpha": true,
      "actor_hidden_dims": [
        256,
        256
      ],
      "critic_hidden_dims": [
        256,
        256
      ],
      "buffer_capacity": 1000000,
      "batch_size": 1024,
      "use_lr_annealing": true,
      "lr_annealing_type": "cosine",
      "lr_annealing_steps": null,
      "lr_min_factor": 0.1,
      "lr_decay_rate": 0.95,
      "use_reward_scaling": true,
      "reward_scale_epsilon": 0.0001,
      "use_orthogonal_init": true,
      "orthogonal_gain": 1.0,
      "actor_orthogonal_gain": 0.01,
      "critic_orthogonal_gain": 1.0,
      "use_value_clipping": true,
      "value_clip_range": 200.0
    },
    "reproducibility": {
      "seed": 42
    }
  },
  "training_time": 8915.374390125275,
  "total_timesteps": 300000,
  "final_evaluation": {
    "mean_rewards": [
      -26387.14141845703,
      -6934.708344855137
    ],
    "std_rewards": [
      0.0,
      61.440936439468665
    ],
    "scalarized_mean": -18606.168189016273,
    "scalarized_std": 24.57637457578732,
    "all_rewards": [
      [
        -26387.14141845703,
        -6811.340557228704
      ],
      [
        -26387.14141845703,
        -6942.971109452177
      ],
      [
        -26387.14141845703,
        -6980.036590077823
      ],
      [
        -26387.14141845703,
        -6945.109320509391
      ],
      [
        -26387.14141845703,
        -6938.840521734466
      ],
      [
        -26387.14141845703,
        -7002.651208419478
      ],
      [
        -26387.14141845703,
        -6857.437415274716
      ],
      [
        -26387.14141845703,
        -6943.033644202197
      ],
      [
        -26387.14141845703,
        -6908.051915386697
      ],
      [
        -26387.14141845703,
        -6869.490813948939
      ],
      [
        -26387.14141845703,
        -7021.4915527494195
      ],
      [
        -26387.14141845703,
        -6888.002665775257
      ],
      [
        -26387.14141845703,
        -6862.84281233044
      ],
      [
        -26387.14141845703,
        -6888.009816761461
      ],
      [
        -26387.14141845703,
        -6996.871584312838
      ],
      [
        -26387.14141845703,
        -6875.595246949466
      ],
      [
        -26387.14141845703,
        -7062.2747418593035
      ],
      [
        -26387.14141845703,
        -6913.760787812555
      ],
      [
        -26387.14141845703,
        -6971.955855487795
      ],
      [
        -26387.14141845703,
        -6965.598538252554
      ],
      [
        -26387.14141845703,
        -6978.556000252723
      ],
      [
        -26387.14141845703,
        -6882.7779608557175
      ],
      [
        -26387.14141845703,
        -6822.265248249949
      ],
      [
        -26387.14141845703,
        -7028.7158261972245
      ],
      [
        -26387.14141845703,
        -7032.285165630139
      ],
      [
        -26387.14141845703,
        -6917.582388166007
      ],
      [
        -26387.14141845703,
        -7011.4474881969045
      ],
      [
        -26387.14141845703,
        -6996.5551683822605
      ],
      [
        -26387.14141845703,
        -6913.333073864863
      ],
      [
        -26387.14141845703,
        -6909.279986755372
      ],
      [
        -26387.14141845703,
        -6952.827724064275
      ],
      [
        -26387.14141845703,
        -6973.438519132119
      ],
      [
        -26387.14141845703,
        -6972.369004762855
      ],
      [
        -26387.14141845703,
        -6979.253901866522
      ],
      [
        -26387.14141845703,
        -6969.359101633548
      ],
      [
        -26387.14141845703,
        -6880.018308197987
      ],
      [
        -26387.14141845703,
        -6815.429590364412
      ],
      [
        -26387.14141845703,
        -6964.469947332081
      ],
      [
        -26387.14141845703,
        -7027.600692209255
      ],
      [
        -26387.14141845703,
        -6807.770285487264
      ],
      [
        -26387.14141845703,
        -6900.772286629514
      ],
      [
        -26387.14141845703,
        -6980.435282578108
      ],
      [
        -26387.14141845703,
        -6945.917246345918
      ],
      [
        -26387.14141845703,
        -6923.3111792171685
      ],
      [
        -26387.14141845703,
        -6932.882795095316
      ],
      [
        -26387.14141845703,
        -6955.924408141216
      ],
      [
        -26387.14141845703,
        -6833.471064282225
      ],
      [
        -26387.14141845703,
        -6958.30131268022
      ],
      [
        -26387.14141845703,
        -6898.0921370431615
      ],
      [
        -26387.14141845703,
        -6925.6074506165905
      ]
    ]
  },
  "training_stats": {
    "num_episodes": 6298,
    "final_episode_reward": [
      -24238.62328529358,
      -6899.380018147023
    ]
  },
  "model_path": "./models/train_energynet_full_opt__0_action_with_disp_1754298234_final.pth"
}