{
  "experiment_name": "train_energynet_no_opt_0_action_disp",
  "config": {
    "env_config": {
      "use_dispatch_action": false,
      "dispatch_strategy": "PROPORTIONAL"
    },
    "training_params": {
      "total_timesteps": 300000,
      "learning_starts": 10000,
      "train_freq": 1,
      "eval_freq": 5000,
      "eval_episodes": 10,
      "save_freq": 10000
    },
    "agent_params": {
      "weights": [
        0.6,
        0.4
      ],
      "actor_lr": 0.0003,
      "critic_lr": 0.0003,
      "alpha_lr": 0.0003,
      "gamma": 0.99,
      "tau": 0.005,
      "alpha": 0.2,
      "auto_tune_alpha": true,
      "actor_hidden_dims": [
        256,
        256
      ],
      "critic_hidden_dims": [
        256,
        256
      ],
      "buffer_capacity": 1000000,
      "batch_size": 1024,
      "use_lr_annealing": false,
      "lr_annealing_type": "cosine",
      "lr_annealing_steps": null,
      "lr_min_factor": 0.1,
      "lr_decay_rate": 0.95,
      "use_reward_scaling": false,
      "reward_scale_epsilon": 0.0001,
      "use_orthogonal_init": false,
      "orthogonal_gain": 1.0,
      "actor_orthogonal_gain": 0.01,
      "critic_orthogonal_gain": 1.0,
      "use_value_clipping": false,
      "value_clip_range": 200.0
    },
    "reproducibility": {
      "seed": 42
    }
  },
  "training_time": 8835.092984676361,
  "total_timesteps": 300000,
  "final_evaluation": {
    "mean_rewards": [
      -720000.0,
      -190.9152836376143
    ],
    "std_rewards": [
      0.0,
      35.042319397204125
    ],
    "scalarized_mean": -432076.3661134551,
    "scalarized_std": 14.016927758879222,
    "all_rewards": [
      [
        -720000.0,
        -128.66990603215132
      ],
      [
        -720000.0,
        -209.01986076866768
      ],
      [
        -720000.0,
        -201.17916804414406
      ],
      [
        -720000.0,
        -247.71682928876965
      ],
      [
        -720000.0,
        -191.92343829562085
      ],
      [
        -720000.0,
        -228.18881428339716
      ],
      [
        -720000.0,
        -186.52310087553187
      ],
      [
        -720000.0,
        -205.20962388783053
      ],
      [
        -720000.0,
        -212.12988556723724
      ],
      [
        -720000.0,
        -143.23326975522966
      ],
      [
        -720000.0,
        -247.6656012386912
      ],
      [
        -720000.0,
        -157.23401279501664
      ],
      [
        -720000.0,
        -158.1169333361851
      ],
      [
        -720000.0,
        -167.9409867944494
      ],
      [
        -720000.0,
        -178.70023825621766
      ],
      [
        -720000.0,
        -229.66639846498336
      ],
      [
        -720000.0,
        -239.51665489111298
      ],
      [
        -720000.0,
        -169.65356155132275
      ],
      [
        -720000.0,
        -229.32058368282947
      ],
      [
        -720000.0,
        -196.0871110882025
      ],
      [
        -720000.0,
        -173.84542874707054
      ],
      [
        -720000.0,
        -176.5642063625024
      ],
      [
        -720000.0,
        -107.5543489701237
      ],
      [
        -720000.0,
        -210.74236347998567
      ],
      [
        -720000.0,
        -245.81222794943005
      ],
      [
        -720000.0,
        -223.72789496729337
      ],
      [
        -720000.0,
        -240.72861022787373
      ],
      [
        -720000.0,
        -214.92809685576563
      ],
      [
        -720000.0,
        -165.1602735026938
      ],
      [
        -720000.0,
        -188.74152334436508
      ],
      [
        -720000.0,
        -177.55604458415374
      ],
      [
        -720000.0,
        -237.70737799968364
      ],
      [
        -720000.0,
        -176.17703050943686
      ],
      [
        -720000.0,
        -213.8763604639805
      ],
      [
        -720000.0,
        -226.4214665305713
      ],
      [
        -720000.0,
        -121.22073183511534
      ],
      [
        -720000.0,
        -126.68379471898001
      ],
      [
        -720000.0,
        -180.91659053564902
      ],
      [
        -720000.0,
        -199.62034068476902
      ],
      [
        -720000.0,
        -119.37836218661982
      ],
      [
        -720000.0,
        -198.793339976027
      ],
      [
        -720000.0,
        -225.7936734478711
      ],
      [
        -720000.0,
        -191.04664997621816
      ],
      [
        -720000.0,
        -193.66625968151956
      ],
      [
        -720000.0,
        -190.71585912119906
      ],
      [
        -720000.0,
        -151.37018240406866
      ],
      [
        -720000.0,
        -170.06297423659106
      ],
      [
        -720000.0,
        -191.55813299363422
      ],
      [
        -720000.0,
        -187.78320315075294
      ],
      [
        -720000.0,
        -189.9148535391761
      ]
    ]
  },
  "training_stats": {
    "num_episodes": 6298,
    "final_episode_reward": [
      -720000.0,
      -158.0794564677454
    ]
  },
  "model_path": "./models/train_energynet_no_opt_0_action_disp_1754295584_final.pth"
}