{
  "experiment_name": "continue_train_energynet_testing",
  "continued_from": "/home/matan.biton/EnergyNetMultiObjectiveISOWrapper/Experiments/First/models/train_energynet_full_opt_0_action_no_disp_1754339196_final.pth",
  "config": {
    "continued_from": "/home/matan.biton/EnergyNetMultiObjectiveISOWrapper/Experiments/First/models/train_energynet_full_opt_0_action_no_disp_1754339196_final.pth",
    "env_config": {
      "use_dispatch_action": false,
      "dispatch_strategy": "PROPORTIONAL",
      "trained_pcs_model": "/home/matan.biton/EnergyNetMultiObjectiveISOWrapper/training/pcs_experiments/models/with_opt_iso_opt_no_disp_final.pth"
    },
    "training_params": {
      "total_timesteps": 20000,
      "learning_starts": 10000,
      "train_freq": 1,
      "eval_freq": 5000,
      "eval_episodes": 10,
      "save_freq": 10000
    },
    "agent_params": {},
    "reproducibility": {
      "seed": null
    },
    "initial_performance": {
      "mean_rewards": [
        -727707.1574630975,
        -38.535787315486985
      ],
      "std_rewards": [
        3526.887613593212,
        17.634438067965938
      ],
      "scalarized_mean": -436639.7087927846
    }
  },
  "training_time": 280.3433747291565,
  "total_timesteps": 20000,
  "initial_evaluation": {
    "mean_rewards": [
      -727707.1574630975,
      -38.535787315486985
    ],
    "std_rewards": [
      3526.887613593212,
      17.634438067965938
    ],
    "scalarized_mean": -436639.7087927846
  },
  "final_evaluation": {
    "mean_rewards": [
      -727288.6695807351,
      -36.443347903674606
    ],
    "std_rewards": [
      3378.3340542373817,
      16.89167027118693
    ],
    "scalarized_mean": -436387.7790876024,
    "scalarized_std": 2033.7571006508954,
    "all_rewards": [
      [
        -727893.6296680121,
        -39.46814834006079
      ],
      [
        -728426.6581742214,
        -42.133290871107135
      ],
      [
        -725015.9856210889,
        -25.07992810544414
      ],
      [
        -723857.9442398278,
        -19.289721199139223
      ],
      [
        -721628.2942639616,
        -8.141471319808375
      ],
      [
        -730322.4552070125,
        -51.61227603506208
      ],
      [
        -728191.6857612644,
        -40.958428806321706
      ],
      [
        -727289.0907454314,
        -36.44545372715746
      ],
      [
        -726989.2143221347,
        -34.94607161067316
      ],
      [
        -728965.0477081232,
        -44.82523854061574
      ],
      [
        -727514.3247841089,
        -37.57162392054451
      ],
      [
        -727304.8340547015,
        -36.52417027350768
      ],
      [
        -728812.7248768389,
        -44.06362438419421
      ],
      [
        -721792.239407471,
        -8.96119703735502
      ],
      [
        -724738.676652343,
        -23.69338326171507
      ],
      [
        -727425.7537785874,
        -37.12876889293696
      ],
      [
        -723848.5626198605,
        -19.24281309930268
      ],
      [
        -723651.4423058723,
        -18.257211529361626
      ],
      [
        -729122.2224658049,
        -45.61111232902445
      ],
      [
        -728172.4175800884,
        -40.862087900441935
      ],
      [
        -731993.7569468492,
        -59.96878473424613
      ],
      [
        -722541.2591035628,
        -12.706295517813658
      ],
      [
        -732958.6567602641,
        -64.79328380132034
      ],
      [
        -725657.3411471208,
        -28.28670573560416
      ],
      [
        -725963.4621869109,
        -29.817310934554712
      ],
      [
        -728590.9043945697,
        -42.9545219728482
      ],
      [
        -724176.1261941764,
        -20.880630970881896
      ],
      [
        -723143.0036666432,
        -15.715018333216108
      ],
      [
        -721355.4228687712,
        -6.777114343856397
      ],
      [
        -731029.4965615234,
        -55.14748280761691
      ],
      [
        -731041.0899670757,
        -55.205449835378744
      ],
      [
        -726343.2250834376,
        -31.716125417187556
      ],
      [
        -725791.890833433,
        -28.959454167165063
      ],
      [
        -731965.6258322889,
        -59.828129161444195
      ],
      [
        -724279.9971681898,
        -21.39998584094954
      ],
      [
        -726482.6051516756,
        -32.41302575837824
      ],
      [
        -733219.5314944154,
        -66.09765747207689
      ],
      [
        -723363.7303914685,
        -16.818651957342297
      ],
      [
        -731653.5032093035,
        -58.267516046517756
      ],
      [
        -730978.2288532063,
        -54.89114426603135
      ],
      [
        -733169.8882551347,
        -65.84944127567312
      ],
      [
        -727619.0728131894,
        -38.09536406594694
      ],
      [
        -733977.9106944156,
        -69.88955347207789
      ],
      [
        -727188.3409713975,
        -35.94170485698754
      ],
      [
        -733032.6237706837,
        -65.16311885341906
      ],
      [
        -722515.9525433853,
        -12.579762716926297
      ],
      [
        -726527.0416657602,
        -32.6352083288007
      ],
      [
        -724057.4382044122,
        -20.287191022060966
      ],
      [
        -726351.1502254601,
        -31.755751127299874
      ],
      [
        -726501.9978412667,
        -32.50998920633339
      ]
    ]
  },
  "improvement": {
    "cost_reward": 418.4878823623294,
    "stability_reward": 2.0924394118123786,
    "scalarized": 251.92970518220682
  },
  "training_stats": {
    "num_episodes": 418,
    "final_episode_reward": [
      -726566.5250808259,
      -32.83262540412949
    ]
  },
  "model_path": "./models/continue_train_energynet_testing_1754423117_final.pth"
}