{
  "experiment_name": "continue_train_energynet_full_opt_no_disp_trained_pcs",
  "continued_from": "/home/matan.biton/EnergyNetMultiObjectiveISOWrapper/Experiments/First/models/train_energynet_full_opt_0_action_no_disp_1754339196_final.pth",
  "config": {
    "continued_from": "/home/matan.biton/EnergyNetMultiObjectiveISOWrapper/Experiments/First/models/train_energynet_full_opt_0_action_no_disp_1754339196_final.pth",
    "env_config": {
      "use_dispatch_action": false,
      "dispatch_strategy": "PROPORTIONAL",
      "trained_pcs_model": "/home/matan.biton/EnergyNetMultiObjectiveISOWrapper/training/pcs_experiments/models/with_opt_iso_opt_no_disp_final.pth"
    },
    "training_params": {
      "total_timesteps": 500000,
      "learning_starts": 10000,
      "train_freq": 1,
      "eval_freq": 5000,
      "eval_episodes": 10,
      "save_freq": 10000
    },
    "agent_params": {
      "use_lr_annealing": true,
      "lr_annealing_type": "cosine",
      "lr_min_factor": 0.05,
      "use_reward_scaling": true,
      "reward_scale_epsilon": 0.0001,
      "use_value_clipping": true,
      "value_clip_range": 150.0
    },
    "reproducibility": {
      "seed": 42
    },
    "initial_performance": {
      "mean_rewards": [
        -728287.5094881516,
        -41.43754744075874
      ],
      "std_rewards": [
        2894.4387936939775,
        14.472193968469702
      ],
      "scalarized_mean": -436989.0807118673
    }
  },
  "training_time": 18032.720326662064,
  "total_timesteps": 500000,
  "initial_evaluation": {
    "mean_rewards": [
      -728287.5094881516,
      -41.43754744075874
    ],
    "std_rewards": [
      2894.4387936939775,
      14.472193968469702
    ],
    "scalarized_mean": -436989.0807118673
  },
  "final_evaluation": {
    "mean_rewards": [
      -728295.2075464652,
      -41.47603773232636
    ],
    "std_rewards": [
      4254.968930671614,
      21.2748446533581
    ],
    "scalarized_mean": -436993.71494297206,
    "scalarized_std": 2561.4912962643098,
    "all_rewards": [
      [
        -725139.8090137804,
        -25.699045068902194
      ],
      [
        -729021.0673415862,
        -45.105336707931116
      ],
      [
        -723387.333559224,
        -16.936667796120275
      ],
      [
        -728822.9417233838,
        -44.11470861691956
      ],
      [
        -731716.9666622787,
        -58.58483331139402
      ],
      [
        -727537.457974632,
        -37.687289873160125
      ],
      [
        -727065.4456769087,
        -35.32722838454285
      ],
      [
        -731492.8312370161,
        -57.46415618508041
      ],
      [
        -728079.8174241057,
        -40.399087120528236
      ],
      [
        -722976.817062285,
        -14.884085311425395
      ],
      [
        -731974.2229012806,
        -59.8711145064035
      ],
      [
        -725120.5184546763,
        -25.602592273381106
      ],
      [
        -728746.7470522767,
        -43.7337352613836
      ],
      [
        -730477.3869896918,
        -52.38693494845867
      ],
      [
        -730304.461691155,
        -51.52230845577452
      ],
      [
        -726180.7111005196,
        -30.90355550259804
      ],
      [
        -727391.900948574,
        -36.95950474286914
      ],
      [
        -724958.4358162319,
        -24.79217908115973
      ],
      [
        -724610.295657993,
        -23.05147828996445
      ],
      [
        -721873.0881076825,
        -9.365440538412884
      ],
      [
        -733688.2852884397,
        -68.44142644219818
      ],
      [
        -732668.6276406005,
        -63.343138203002695
      ],
      [
        -725718.3157763714,
        -28.5915788818576
      ],
      [
        -733209.0196861986,
        -66.04509843099305
      ],
      [
        -735904.0289594745,
        -79.5201447973734
      ],
      [
        -725262.0175560345,
        -26.310087780172893
      ],
      [
        -726806.862180823,
        -34.03431090411456
      ],
      [
        -727969.4881378426,
        -39.847440689213215
      ],
      [
        -744967.5200805345,
        -124.83760040267254
      ],
      [
        -736436.4061705117,
        -82.18203085255865
      ],
      [
        -726347.2953204755,
        -31.73647660237762
      ],
      [
        -729030.6452241206,
        -45.15322612060257
      ],
      [
        -732024.7902182266,
        -60.123951091132625
      ],
      [
        -723501.3306411925,
        -17.506653205962778
      ],
      [
        -725699.6951225463,
        -28.498475612730857
      ],
      [
        -722610.3800453387,
        -13.051900226692737
      ],
      [
        -731053.512868709,
        -55.26756434354536
      ],
      [
        -723960.5474559484,
        -19.802737279742303
      ],
      [
        -728688.6924264211,
        -43.44346213210528
      ],
      [
        -729792.952905549,
        -48.96476452774533
      ],
      [
        -726655.0409745915,
        -33.27520487295726
      ],
      [
        -726358.637600317,
        -31.793188001585747
      ],
      [
        -724821.5887647534,
        -24.107943823766362
      ],
      [
        -735436.4883933376,
        -77.1824419666882
      ],
      [
        -726951.5866590277,
        -34.75793329513826
      ],
      [
        -728353.3295732844,
        -41.766647866421636
      ],
      [
        -722718.4853571497,
        -13.5924267857487
      ],
      [
        -728952.7522009473,
        -44.76376100473624
      ],
      [
        -725718.4455592048,
        -28.592227796023366
      ],
      [
        -726575.3521400098,
        -32.876760700048294
      ]
    ]
  },
  "improvement": {
    "cost_reward": -7.698058313573711,
    "stability_reward": -0.038490291567619295,
    "scalarized": -4.634231104748324
  },
  "training_stats": {
    "num_episodes": 10498,
    "final_episode_reward": [
      -731545.3347225309,
      -57.72667361265471
    ]
  },
  "model_path": "./models/continue_train_energynet_full_opt_no_disp_trained_pcs_1754423982_final.pth"
}