{
  "experiment_name": "continue_train_energynet_test_with_pcs",
  "continued_from": "/home/matan.biton/EnergyNetMultiObjectiveISOWrapper/Experiments/First/models/train_energynet_full_opt_0_action_no_disp_1754339196_final.pth",
  "config": {
    "continued_from": "/home/matan.biton/EnergyNetMultiObjectiveISOWrapper/Experiments/First/models/train_energynet_full_opt_0_action_no_disp_1754339196_final.pth",
    "env_config": {
      "use_dispatch_action": false,
      "dispatch_strategy": "PROPORTIONAL",
      "trained_pcs_model": "/home/matan.biton/EnergyNetMultiObjectiveISOWrapper/training/pcs_experiments/models/with_opt_iso_opt_no_disp_final.pth"
    },
    "training_params": {
      "total_timesteps": 5000,
      "learning_starts": 10000,
      "train_freq": 1,
      "eval_freq": 5000,
      "eval_episodes": 10,
      "save_freq": 10000
    },
    "agent_params": {},
    "reproducibility": {
      "seed": null
    },
    "initial_performance": {
      "mean_rewards": [
        -728579.0077315703,
        -42.89503865785133
      ],
      "std_rewards": [
        3536.5751500231804,
        17.682875750115766
      ],
      "scalarized_mean": -437164.56265440537
    }
  },
  "training_time": 25.49341869354248,
  "total_timesteps": 5000,
  "initial_evaluation": {
    "mean_rewards": [
      -728579.0077315703,
      -42.89503865785133
    ],
    "std_rewards": [
      3536.5751500231804,
      17.682875750115766
    ],
    "scalarized_mean": -437164.56265440537
  },
  "final_evaluation": {
    "mean_rewards": [
      -728145.1912825425,
      -40.72595641271326
    ],
    "std_rewards": [
      3641.804120277154,
      18.20902060138582
    ],
    "scalarized_mean": -436903.40515209065,
    "scalarized_std": 2192.3660804068445,
    "all_rewards": [
      [
        -737487.0997051361,
        -87.43549852568034
      ],
      [
        -723955.5496483506,
        -19.777748241752874
      ],
      [
        -727911.8585023457,
        -39.55929251172847
      ],
      [
        -727416.3984946827,
        -37.08199247341432
      ],
      [
        -729274.5701181412,
        -46.37285059070612
      ],
      [
        -729169.528252729,
        -45.84764126364465
      ],
      [
        -731053.0918505018,
        -55.265459252508975
      ],
      [
        -727873.6348400101,
        -39.36817420005045
      ],
      [
        -729630.9011361594,
        -48.1545056807968
      ],
      [
        -724751.1368145555,
        -23.7556840727772
      ],
      [
        -723871.8987005822,
        -19.359493502910965
      ],
      [
        -728543.8478452873,
        -42.7192392264366
      ],
      [
        -724407.9943407427,
        -22.039971703713377
      ],
      [
        -724504.3569145168,
        -22.521784572583726
      ],
      [
        -727917.9367199189,
        -39.58968359959431
      ],
      [
        -724879.8775215436,
        -24.39938760771821
      ],
      [
        -727863.9439331236,
        -39.31971966561804
      ],
      [
        -728088.2333975537,
        -40.44116698776861
      ],
      [
        -725473.699686526,
        -27.368498432629906
      ],
      [
        -731571.224763368,
        -57.85612381684027
      ],
      [
        -726188.7444907682,
        -30.943722453840707
      ],
      [
        -727239.3993418276,
        -36.19699670913792
      ],
      [
        -730114.4423779259,
        -50.57221188962879
      ],
      [
        -728644.0069842946,
        -43.22003492147246
      ],
      [
        -726169.3368235631,
        -30.8466841178155
      ],
      [
        -726210.6467288844,
        -31.053233644421994
      ],
      [
        -723913.4245603478,
        -19.56712280173886
      ],
      [
        -724097.491037391,
        -20.48745518695523
      ],
      [
        -723523.245728843,
        -17.6162286442146
      ],
      [
        -730638.8669993147,
        -53.194334996573474
      ],
      [
        -735979.0443686385,
        -79.89522184319318
      ],
      [
        -727036.2426617353,
        -35.18121330867672
      ],
      [
        -739443.8870419539,
        -97.21943520976973
      ],
      [
        -727862.8816183218,
        -39.31440809160813
      ],
      [
        -728534.7601409957,
        -42.67380070497862
      ],
      [
        -729511.907128377,
        -47.559535641885134
      ],
      [
        -725589.128241667,
        -27.945641208335076
      ],
      [
        -729843.8285937178,
        -49.219142968589296
      ],
      [
        -729376.9791405405,
        -46.88489570270309
      ],
      [
        -729745.7467559995,
        -48.72873377999801
      ],
      [
        -723913.4385774634,
        -19.56719288731665
      ],
      [
        -728787.5037163767,
        -43.937518581883836
      ],
      [
        -733438.5055245997,
        -67.19252762299803
      ],
      [
        -722710.2000728971,
        -13.551000364485247
      ],
      [
        -724725.0586025233,
        -23.625293012616368
      ],
      [
        -726404.4129755595,
        -32.02206487779756
      ],
      [
        -724923.8945573862,
        -24.61947278693077
      ],
      [
        -735951.2381035824,
        -79.7561905179119
      ],
      [
        -730882.3457966738,
        -54.4117289833691
      ],
      [
        -730212.1722491886,
        -51.06086124594319
      ]
    ]
  },
  "improvement": {
    "cost_reward": 433.8164490277413,
    "stability_reward": 2.169082245138071,
    "scalarized": 261.1575023147161
  },
  "training_stats": {
    "num_episodes": 104,
    "final_episode_reward": [
      -730627.6278023099,
      -53.13813901154995
    ]
  },
  "model_path": "./models/continue_train_energynet_test_with_pcs_1754422851_final.pth"
}