{
  "experiment_name": "continue_train_energynet_test_fix",
  "continued_from": "/home/matan.biton/EnergyNetMultiObjectiveISOWrapper/Experiments/First/models/train_energynet_full_opt_0_action_no_disp_1754339196_final.pth",
  "config": {
    "continued_from": "/home/matan.biton/EnergyNetMultiObjectiveISOWrapper/Experiments/First/models/train_energynet_full_opt_0_action_no_disp_1754339196_final.pth",
    "env_config": {
      "use_dispatch_action": false,
      "dispatch_strategy": "PROPORTIONAL",
      "trained_pcs_model": null
    },
    "training_params": {
      "total_timesteps": 5000,
      "learning_starts": 10000,
      "train_freq": 1,
      "eval_freq": 5000,
      "eval_episodes": 10,
      "save_freq": 10000
    },
    "agent_params": {},
    "reproducibility": {
      "seed": null
    },
    "initial_performance": {
      "mean_rewards": [
        -759123.1907127495,
        -195.61595356374747
      ],
      "std_rewards": [
        8230.428249175531,
        41.152141245877935
      ],
      "scalarized_mean": -455552.16080907517
    }
  },
  "training_time": 21.567139387130737,
  "total_timesteps": 5000,
  "initial_evaluation": {
    "mean_rewards": [
      -759123.1907127495,
      -195.61595356374747
    ],
    "std_rewards": [
      8230.428249175531,
      41.152141245877935
    ],
    "scalarized_mean": -455552.16080907517
  },
  "final_evaluation": {
    "mean_rewards": [
      -757759.8719980791,
      -188.7993599903961
    ],
    "std_rewards": [
      8044.526293153647,
      40.222631465768174
    ],
    "scalarized_mean": -454731.44294284366,
    "scalarized_std": 4842.804828478495,
    "all_rewards": [
      [
        -755537.8154874324,
        -177.689077437162
      ],
      [
        -753032.8030665601,
        -165.16401533280046
      ],
      [
        -751039.4798113252,
        -155.19739905662675
      ],
      [
        -764613.4610555259,
        -223.06730527762943
      ],
      [
        -758425.1895669396,
        -192.12594783469882
      ],
      [
        -760580.9304063515,
        -202.90465203175714
      ],
      [
        -744588.965485475,
        -122.94482742737605
      ],
      [
        -767472.4921382414,
        -237.3624606912067
      ],
      [
        -762472.9072633634,
        -212.36453631681647
      ],
      [
        -755093.6676466366,
        -175.46833823318352
      ],
      [
        -756205.6232348462,
        -181.02811617423052
      ],
      [
        -757188.9521679542,
        -185.94476083977145
      ],
      [
        -760592.7112504846,
        -202.96355625242225
      ],
      [
        -765296.712350487,
        -226.48356175243524
      ],
      [
        -770773.789031222,
        -253.86894515610948
      ],
      [
        -754793.4015232974,
        -173.96700761648705
      ],
      [
        -767202.0672907935,
        -236.0103364539687
      ],
      [
        -749381.2078309644,
        -146.90603915482052
      ],
      [
        -765949.5623795931,
        -229.74781189796488
      ],
      [
        -767936.0545142265,
        -239.68027257113312
      ],
      [
        -754580.7258173634,
        -172.90362908681638
      ],
      [
        -759549.8390123867,
        -197.74919506193285
      ],
      [
        -740600.8700429995,
        -103.00435021499771
      ],
      [
        -758825.0036001162,
        -194.12501800058104
      ],
      [
        -757437.8840494154,
        -187.1894202470771
      ],
      [
        -756647.1285621874,
        -183.235642810937
      ],
      [
        -739004.596888217,
        -95.02298444108436
      ],
      [
        -760928.3836981466,
        -204.64191849073245
      ],
      [
        -750272.5195327605,
        -151.36259766380232
      ],
      [
        -739681.3290684192,
        -98.40664534209608
      ],
      [
        -748349.2714908357,
        -141.74635745417885
      ],
      [
        -749787.1251737096,
        -148.93562586854748
      ],
      [
        -757585.6213487061,
        -187.92810674352995
      ],
      [
        -756781.8646185622,
        -183.90932309281044
      ],
      [
        -761611.2717565725,
        -208.0563587828621
      ],
      [
        -762019.2035060243,
        -210.09601753012112
      ],
      [
        -760392.1243955478,
        -201.9606219777387
      ],
      [
        -774071.6531119273,
        -270.3582655596371
      ],
      [
        -750963.0598508395,
        -154.81529925419764
      ],
      [
        -762976.8864263106,
        -214.8844321315537
      ],
      [
        -757770.02244402,
        -188.8501122201005
      ],
      [
        -757535.8330706087,
        -187.67916535304272
      ],
      [
        -752920.9573197712,
        -164.60478659885652
      ],
      [
        -770228.8632445097,
        -251.14431622254813
      ],
      [
        -775111.249007932,
        -275.5562450396594
      ],
      [
        -751002.6272698072,
        -155.013136349036
      ],
      [
        -763726.5381234919,
        -218.63269061745837
      ],
      [
        -756644.7728613092,
        -183.2238643065458
      ],
      [
        -762785.8829183051,
        -213.92941459152513
      ],
      [
        -750022.6981914395,
        -150.11349095719757
      ]
    ]
  },
  "improvement": {
    "cost_reward": 1363.3187146703713,
    "stability_reward": 6.816593573351355,
    "scalarized": 820.7178662315127
  },
  "training_stats": {
    "num_episodes": 104,
    "final_episode_reward": [
      -765038.3122918756,
      -225.19156145937842
    ]
  },
  "model_path": "./models/continue_train_energynet_test_fix_1754422827_final.pth"
}