{
  "experiment_name": "energynet_training",
  "config": {
    "env_config": {
      "use_dispatch_action": false,
      "dispatch_strategy": "PROPORTIONAL"
    },
    "training_params": {
      "total_timesteps": 200000,
      "learning_starts": 10000,
      "train_freq": 1,
      "eval_freq": 5000,
      "eval_episodes": 10,
      "save_freq": 10000
    },
    "agent_params": {
      "weights": [
        0.6,
        0.4
      ],
      "actor_lr": 0.0003,
      "critic_lr": 0.0003,
      "alpha_lr": 0.0003,
      "gamma": 0.99,
      "tau": 0.005,
      "alpha": 0.2,
      "auto_tune_alpha": true,
      "actor_hidden_dims": [
        256,
        256
      ],
      "critic_hidden_dims": [
        256,
        256
      ],
      "buffer_capacity": 1000000,
      "batch_size": 256
    }
  },
  "training_time": 3805.0595343112946,
  "total_timesteps": 200000,
  "final_evaluation": {
    "mean_rewards": [
      -720000.0,
      -195.75334422945394
    ],
    "std_rewards": [
      0.0,
      41.54846144569456
    ],
    "scalarized_mean": -432078.3013376918,
    "scalarized_std": 16.619384578277614,
    "all_rewards": [
      [
        -720000.0,
        -245.8465488499573
      ],
      [
        -720000.0,
        -171.54738953873604
      ],
      [
        -720000.0,
        -182.60783268788353
      ],
      [
        -720000.0,
        -173.83862355161023
      ],
      [
        -720000.0,
        -216.7269946055987
      ],
      [
        -720000.0,
        -192.8407335571815
      ],
      [
        -720000.0,
        -207.41675601373666
      ],
      [
        -720000.0,
        -136.23064456403034
      ],
      [
        -720000.0,
        -208.79885031556665
      ],
      [
        -720000.0,
        -157.4696577612677
      ],
      [
        -720000.0,
        -180.5586792097147
      ],
      [
        -720000.0,
        -298.6223846785749
      ],
      [
        -720000.0,
        -238.7186549633471
      ],
      [
        -720000.0,
        -145.96017873216223
      ],
      [
        -720000.0,
        -222.77326118165482
      ],
      [
        -720000.0,
        -139.62101678260333
      ],
      [
        -720000.0,
        -158.231536411416
      ],
      [
        -720000.0,
        -218.83300034911326
      ],
      [
        -720000.0,
        -195.14187630150187
      ],
      [
        -720000.0,
        -222.89530169307233
      ],
      [
        -720000.0,
        -175.52041949206395
      ],
      [
        -720000.0,
        -189.75724513007125
      ],
      [
        -720000.0,
        -183.7474759056441
      ],
      [
        -720000.0,
        -161.00460030979283
      ],
      [
        -720000.0,
        -262.2720621010534
      ],
      [
        -720000.0,
        -120.85192653297824
      ],
      [
        -720000.0,
        -152.2180092633072
      ],
      [
        -720000.0,
        -163.84249410783445
      ],
      [
        -720000.0,
        -181.07812002063022
      ],
      [
        -720000.0,
        -186.1175836423661
      ],
      [
        -720000.0,
        -219.95584642804656
      ],
      [
        -720000.0,
        -213.17969882659
      ],
      [
        -720000.0,
        -235.5976637033893
      ],
      [
        -720000.0,
        -170.62887035313398
      ],
      [
        -720000.0,
        -179.5645067365792
      ],
      [
        -720000.0,
        -312.11540981238556
      ],
      [
        -720000.0,
        -124.27989250408856
      ],
      [
        -720000.0,
        -175.46160853885812
      ],
      [
        -720000.0,
        -165.31316464770381
      ],
      [
        -720000.0,
        -254.5924177735097
      ],
      [
        -720000.0,
        -228.21329054458107
      ],
      [
        -720000.0,
        -164.3193184670531
      ],
      [
        -720000.0,
        -244.16245801792468
      ],
      [
        -720000.0,
        -238.5960856475366
      ],
      [
        -720000.0,
        -206.40578605177228
      ],
      [
        -720000.0,
        -163.89091829443151
      ],
      [
        -720000.0,
        -134.51068170451722
      ],
      [
        -720000.0,
        -214.78250893178105
      ],
      [
        -720000.0,
        -225.65496294947891
      ],
      [
        -720000.0,
        -225.3522632848663
      ]
    ]
  },
  "training_stats": {
    "num_episodes": 4198,
    "final_episode_reward": [
      -720000.0,
      -317.32688113171605
    ]
  },
  "model_path": "./models/energynet_training_final.pth"
}