{
  "experiment_name": "energynet_training",
  "config": {
    "env_config": {
      "use_dispatch_action": false,
      "dispatch_strategy": "PROPORTIONAL"
    },
    "training_params": {
      "total_timesteps": 2000,
      "learning_starts": 10000,
      "train_freq": 1,
      "eval_freq": 5000,
      "eval_episodes": 10,
      "save_freq": 10000
    },
    "agent_params": {
      "weights": [
        0.6,
        0.4
      ],
      "actor_lr": 0.0003,
      "critic_lr": 0.0003,
      "alpha_lr": 0.0003,
      "gamma": 0.99,
      "tau": 0.005,
      "alpha": 0.2,
      "auto_tune_alpha": true,
      "actor_hidden_dims": [
        256,
        256
      ],
      "critic_hidden_dims": [
        256,
        256
      ],
      "buffer_capacity": 1000000,
      "batch_size": 256
    }
  },
  "training_time": 3.397451162338257,
  "total_timesteps": 2000,
  "final_evaluation": {
    "mean_rewards": [
      -720000.0,
      -189.69438662887435
    ],
    "std_rewards": [
      0.0,
      37.0992317287395
    ],
    "scalarized_mean": -432075.8777546516,
    "scalarized_std": 14.839692691495888,
    "all_rewards": [
      [
        -720000.0,
        -155.3026869902745
      ],
      [
        -720000.0,
        -292.8392287289753
      ],
      [
        -720000.0,
        -189.61801522520216
      ],
      [
        -720000.0,
        -214.06787548220902
      ],
      [
        -720000.0,
        -167.83918589866886
      ],
      [
        -720000.0,
        -194.20807043436207
      ],
      [
        -720000.0,
        -198.5589126945266
      ],
      [
        -720000.0,
        -156.32912766311514
      ],
      [
        -720000.0,
        -229.98042512364665
      ],
      [
        -720000.0,
        -204.26748100439016
      ],
      [
        -720000.0,
        -168.7726637418273
      ],
      [
        -720000.0,
        -203.36811384207192
      ],
      [
        -720000.0,
        -198.38313324927097
      ],
      [
        -720000.0,
        -206.12939213147718
      ],
      [
        -720000.0,
        -169.83232049985548
      ],
      [
        -720000.0,
        -240.67690040558838
      ],
      [
        -720000.0,
        -193.13101935342385
      ],
      [
        -720000.0,
        -166.5707893087209
      ],
      [
        -720000.0,
        -273.7923993054427
      ],
      [
        -720000.0,
        -251.85531125834567
      ],
      [
        -720000.0,
        -235.2209003351131
      ],
      [
        -720000.0,
        -199.8182035083421
      ],
      [
        -720000.0,
        -188.54044828419757
      ],
      [
        -720000.0,
        -156.3737070354493
      ],
      [
        -720000.0,
        -133.6353484869817
      ],
      [
        -720000.0,
        -147.80234698948937
      ],
      [
        -720000.0,
        -219.29421743287614
      ],
      [
        -720000.0,
        -169.18363681103975
      ],
      [
        -720000.0,
        -211.18677415847714
      ],
      [
        -720000.0,
        -195.8640768964289
      ],
      [
        -720000.0,
        -189.14615815548333
      ],
      [
        -720000.0,
        -186.07127861714832
      ],
      [
        -720000.0,
        -258.815087368954
      ],
      [
        -720000.0,
        -114.59341424447686
      ],
      [
        -720000.0,
        -132.9980728885347
      ],
      [
        -720000.0,
        -196.19724805508744
      ],
      [
        -720000.0,
        -122.02819849050883
      ],
      [
        -720000.0,
        -157.4601602259873
      ],
      [
        -720000.0,
        -220.79328963156073
      ],
      [
        -720000.0,
        -157.11606997095137
      ],
      [
        -720000.0,
        -168.55022591095522
      ],
      [
        -720000.0,
        -203.58189311410024
      ],
      [
        -720000.0,
        -225.69127622215385
      ],
      [
        -720000.0,
        -150.54226377850753
      ],
      [
        -720000.0,
        -188.90757692530852
      ],
      [
        -720000.0,
        -189.98486210986897
      ],
      [
        -720000.0,
        -168.44982753851025
      ],
      [
        -720000.0,
        -152.44932070251753
      ],
      [
        -720000.0,
        -203.8348395516934
      ],
      [
        -720000.0,
        -165.06555566162066
      ]
    ]
  },
  "training_stats": {
    "num_episodes": 41,
    "final_episode_reward": [
      -720000.0,
      -246.7834732348657
    ]
  },
  "model_path": "./models/energynet_training_final.pth"
}