{
  "experiment_name": "energynet_training",
  "config": {
    "env_config": {
      "use_dispatch_action": false,
      "dispatch_strategy": "PROPORTIONAL"
    },
    "training_params": {
      "total_timesteps": 200000,
      "learning_starts": 10000,
      "train_freq": 1,
      "eval_freq": 5000,
      "eval_episodes": 10,
      "save_freq": 10000
    },
    "agent_params": {
      "weights": [
        0.6,
        0.4
      ],
      "actor_lr": 0.0003,
      "critic_lr": 0.0003,
      "alpha_lr": 0.0003,
      "gamma": 0.99,
      "tau": 0.005,
      "alpha": 0.2,
      "auto_tune_alpha": true,
      "actor_hidden_dims": [
        256,
        256
      ],
      "critic_hidden_dims": [
        256,
        256
      ],
      "buffer_capacity": 1000000,
      "batch_size": 256
    }
  },
  "training_time": 3858.0597813129425,
  "total_timesteps": 200000,
  "final_evaluation": {
    "mean_rewards": [
      -720000.0,
      -204.02658846631687
    ],
    "std_rewards": [
      0.0,
      44.01683063462277
    ],
    "scalarized_mean": -432081.6106353865,
    "scalarized_std": 17.606732253856574,
    "all_rewards": [
      [
        -720000.0,
        -208.9184180993837
      ],
      [
        -720000.0,
        -234.91151550851703
      ],
      [
        -720000.0,
        -244.71872732262995
      ],
      [
        -720000.0,
        -183.7423541368154
      ],
      [
        -720000.0,
        -222.5844295783494
      ],
      [
        -720000.0,
        -250.87456387067851
      ],
      [
        -720000.0,
        -312.77133439983675
      ],
      [
        -720000.0,
        -161.86796353945678
      ],
      [
        -720000.0,
        -200.19014338372298
      ],
      [
        -720000.0,
        -212.8875225942611
      ],
      [
        -720000.0,
        -199.92914464320137
      ],
      [
        -720000.0,
        -197.5493181125119
      ],
      [
        -720000.0,
        -124.59879407952431
      ],
      [
        -720000.0,
        -225.5514646955208
      ],
      [
        -720000.0,
        -111.97626481594853
      ],
      [
        -720000.0,
        -182.42513245522716
      ],
      [
        -720000.0,
        -255.3622616284548
      ],
      [
        -720000.0,
        -177.23220531572738
      ],
      [
        -720000.0,
        -94.62424827202472
      ],
      [
        -720000.0,
        -234.6530270446682
      ],
      [
        -720000.0,
        -227.3135340321455
      ],
      [
        -720000.0,
        -204.14188960642826
      ],
      [
        -720000.0,
        -222.8367454843282
      ],
      [
        -720000.0,
        -260.80718178518714
      ],
      [
        -720000.0,
        -164.2996402304342
      ],
      [
        -720000.0,
        -192.8602807338383
      ],
      [
        -720000.0,
        -158.78436634365193
      ],
      [
        -720000.0,
        -191.13548179824022
      ],
      [
        -720000.0,
        -247.8168382943278
      ],
      [
        -720000.0,
        -303.05625011878385
      ],
      [
        -720000.0,
        -177.86302230016028
      ],
      [
        -720000.0,
        -170.2088748135468
      ],
      [
        -720000.0,
        -195.31573775625694
      ],
      [
        -720000.0,
        -194.9270174769291
      ],
      [
        -720000.0,
        -147.3398472915982
      ],
      [
        -720000.0,
        -179.15212586398056
      ],
      [
        -720000.0,
        -186.32982749059286
      ],
      [
        -720000.0,
        -248.9753629405495
      ],
      [
        -720000.0,
        -207.53091699880468
      ],
      [
        -720000.0,
        -264.1585177867047
      ],
      [
        -720000.0,
        -234.17905416717073
      ],
      [
        -720000.0,
        -141.5033141281049
      ],
      [
        -720000.0,
        -213.21623879577925
      ],
      [
        -720000.0,
        -241.802416576871
      ],
      [
        -720000.0,
        -187.44748769444772
      ],
      [
        -720000.0,
        -174.21471046770688
      ],
      [
        -720000.0,
        -158.80271635839722
      ],
      [
        -720000.0,
        -223.33476128897792
      ],
      [
        -720000.0,
        -180.81683533514854
      ],
      [
        -720000.0,
        -263.78959586029157
      ]
    ]
  },
  "training_stats": {
    "num_episodes": 4198,
    "final_episode_reward": [
      -720000.0,
      -269.6678256014321
    ]
  },
  "model_path": "./models/energynet_training_1754221174_final.pth"
}