{
  "experiment_name": "quick_test",
  "continued_from": "/home/matan.biton/EnergyNetMultiObjectiveISOWrapper/Experiments/First/models/train_energynet_full_opt_0_action_no_disp_1754339196_final.pth",
  "config": {
    "continued_from": "/home/matan.biton/EnergyNetMultiObjectiveISOWrapper/Experiments/First/models/train_energynet_full_opt_0_action_no_disp_1754339196_final.pth",
    "env_config": {
      "use_dispatch_action": false,
      "dispatch_strategy": "PROPORTIONAL",
      "trained_pcs_model": null
    },
    "training_params": {
      "total_timesteps": 100,
      "learning_starts": 10000,
      "train_freq": 1,
      "eval_freq": 20000,
      "eval_episodes": 10,
      "save_freq": 100000
    },
    "agent_params": {},
    "reproducibility": {
      "seed": null
    },
    "initial_performance": {
      "mean_rewards": [
        -759681.0484579576,
        -198.4052422897878
      ],
      "std_rewards": [
        7505.485349342286,
        37.52742674671132
      ],
      "scalarized_mean": -455887.99117169046
    }
  },
  "training_time": 2.6144955158233643,
  "total_timesteps": 100,
  "initial_evaluation": {
    "mean_rewards": [
      -759681.0484579576,
      -198.4052422897878
    ],
    "std_rewards": [
      7505.485349342286,
      37.52742674671132
    ],
    "scalarized_mean": -455887.99117169046
  },
  "final_evaluation": {
    "mean_rewards": [
      -759781.9013397152,
      -198.90950669857716
    ],
    "std_rewards": [
      8272.602700329022,
      41.363013501645035
    ],
    "scalarized_mean": -455948.70460650866,
    "scalarized_std": 4980.1068255980745,
    "all_rewards": [
      [
        -760361.5552875289,
        -201.80777643764588
      ],
      [
        -767287.0659911578,
        -236.4353299557884
      ],
      [
        -776685.2536695235,
        -283.426268347618
      ],
      [
        -752929.7296319649,
        -164.6486481598248
      ],
      [
        -768245.5980248273,
        -241.22799012413617
      ],
      [
        -761149.4402540452,
        -205.74720127022633
      ],
      [
        -762392.4251440102,
        -211.9621257200516
      ],
      [
        -753292.3559330289,
        -166.46177966514486
      ],
      [
        -757704.1744385994,
        -188.52087219299662
      ],
      [
        -767268.6803861483,
        -236.3434019307425
      ],
      [
        -746499.7570778417,
        -132.4987853892086
      ],
      [
        -761916.5434810843,
        -209.58271740542122
      ],
      [
        -757693.7836467663,
        -188.46891823383112
      ],
      [
        -755625.1442945127,
        -178.12572147256327
      ],
      [
        -764013.8424819068,
        -220.06921240953318
      ],
      [
        -760500.8803481002,
        -202.5044017405008
      ],
      [
        -753344.9928975913,
        -166.7249644879557
      ],
      [
        -756720.9543711559,
        -183.6047718557802
      ],
      [
        -752812.1228157561,
        -164.0606140787807
      ],
      [
        -775476.4894168002,
        -277.3824470840008
      ],
      [
        -754514.3529602719,
        -172.5717648013594
      ],
      [
        -759160.9473664212,
        -195.80473683210525
      ],
      [
        -754353.5993959,
        -171.76799697949986
      ],
      [
        -760374.9492110345,
        -201.87474605517244
      ],
      [
        -766580.7826807451,
        -232.9039134037258
      ],
      [
        -765537.753403465,
        -227.68876701732583
      ],
      [
        -771659.5091906214,
        -258.29754595310715
      ],
      [
        -757204.2121803646,
        -186.0210609018229
      ],
      [
        -757904.0746116234,
        -189.52037305811749
      ],
      [
        -757724.7293653288,
        -188.62364682664412
      ],
      [
        -766185.1092340699,
        -230.92554617034912
      ],
      [
        -750332.5969487181,
        -151.66298474359067
      ],
      [
        -754889.4685691795,
        -174.44734284589802
      ],
      [
        -747718.4471058436,
        -138.59223552921742
      ],
      [
        -781131.9225903724,
        -305.65961295186275
      ],
      [
        -775069.8517240112,
        -275.3492586200555
      ],
      [
        -755584.241914694,
        -177.92120957346924
      ],
      [
        -761533.5037031677,
        -207.66751851583703
      ],
      [
        -761419.274515681,
        -207.0963725784049
      ],
      [
        -750686.6278392043,
        -153.433139196022
      ],
      [
        -748956.2353607254,
        -144.781176803628
      ],
      [
        -762854.6849892971,
        -214.27342494648536
      ],
      [
        -764207.65620429,
        -221.03828102145047
      ],
      [
        -769758.0929164164,
        -248.79046458208097
      ],
      [
        -768095.4393482229,
        -240.47719674111337
      ],
      [
        -760842.8408705537,
        -204.21420435276906
      ],
      [
        -748203.9651945691,
        -141.01982597284476
      ],
      [
        -753602.2235797684,
        -168.01111789884277
      ],
      [
        -746270.1878289297,
        -131.350939144649
      ],
      [
        -744816.9965899314,
        -124.08498294965779
      ]
    ]
  },
  "improvement": {
    "cost_reward": -100.8528817576589,
    "stability_reward": -0.5042644087893677,
    "scalarized": -60.71343481820077
  },
  "training_stats": {
    "num_episodes": 2,
    "final_episode_reward": [
      -760158.5976513778,
      -200.79298825688906
    ]
  },
  "model_path": "energynet_experiments/models/quick_test_1754422600_final.pth"
}