{
  "experiment_name": "quick_test_with_pcs",
  "continued_from": "/home/matan.biton/EnergyNetMultiObjectiveISOWrapper/Experiments/First/models/train_energynet_full_opt_0_action_no_disp_1754339196_final.pth",
  "config": {
    "continued_from": "/home/matan.biton/EnergyNetMultiObjectiveISOWrapper/Experiments/First/models/train_energynet_full_opt_0_action_no_disp_1754339196_final.pth",
    "env_config": {
      "use_dispatch_action": false,
      "dispatch_strategy": "PROPORTIONAL",
      "trained_pcs_model": "/home/matan.biton/EnergyNetMultiObjectiveISOWrapper/training/pcs_experiments/models/with_opt_iso_opt_no_disp_final.pth"
    },
    "training_params": {
      "total_timesteps": 100,
      "learning_starts": 10000,
      "train_freq": 1,
      "eval_freq": 20000,
      "eval_episodes": 10,
      "save_freq": 100000
    },
    "agent_params": {},
    "reproducibility": {
      "seed": null
    },
    "initial_performance": {
      "mean_rewards": [
        -728730.5332308895,
        -43.6526661544478
      ],
      "std_rewards": [
        2886.6444408737993,
        14.433222204368747
      ],
      "scalarized_mean": -437255.78100499546
    }
  },
  "training_time": 3.1284995079040527,
  "total_timesteps": 100,
  "initial_evaluation": {
    "mean_rewards": [
      -728730.5332308895,
      -43.6526661544478
    ],
    "std_rewards": [
      2886.6444408737993,
      14.433222204368747
    ],
    "scalarized_mean": -437255.78100499546
  },
  "final_evaluation": {
    "mean_rewards": [
      -728967.3969911684,
      -44.83698495584212
    ],
    "std_rewards": [
      3920.0926537328473,
      19.600463268664296
    ],
    "scalarized_mean": -437398.37298868335,
    "scalarized_std": 2359.895777547174,
    "all_rewards": [
      [
        -729231.1179437083,
        -46.15558971854094
      ],
      [
        -723684.4917614117,
        -18.422458807058234
      ],
      [
        -726818.2428643404,
        -34.091214321702154
      ],
      [
        -732144.6068881928,
        -60.72303444096403
      ],
      [
        -727918.4454160486,
        -39.592227080242594
      ],
      [
        -728268.2354492084,
        -41.34117724604178
      ],
      [
        -728068.847026072,
        -40.34423513035904
      ],
      [
        -722527.2629208466,
        -12.636314604233121
      ],
      [
        -729877.774982085,
        -49.38887491042527
      ],
      [
        -734196.9739493446,
        -70.98486974672383
      ],
      [
        -723999.2964637016,
        -19.99648231850867
      ],
      [
        -726827.3825696148,
        -34.13691284807442
      ],
      [
        -733721.0619208191,
        -68.6053096040961
      ],
      [
        -728520.9143503088,
        -42.60457175154454
      ],
      [
        -728864.067321171,
        -44.32033660585503
      ],
      [
        -736976.4833937588,
        -84.88241696879427
      ],
      [
        -734779.3538953244,
        -73.8967694766217
      ],
      [
        -722765.5979047458,
        -13.827989523729315
      ],
      [
        -727985.6687448353,
        -39.928343724175875
      ],
      [
        -726281.3015806554,
        -31.406507903277998
      ],
      [
        -727292.8790400743,
        -36.46439520037168
      ],
      [
        -728261.2613909224,
        -41.30630695461167
      ],
      [
        -733621.7365129763,
        -68.10868256488206
      ],
      [
        -726082.3074906368,
        -30.411537453184167
      ],
      [
        -731861.6335073453,
        -59.30816753672613
      ],
      [
        -733707.0766140113,
        -68.5353830700557
      ],
      [
        -730454.0868660908,
        -52.27043433045378
      ],
      [
        -725082.3085280337,
        -25.411542640168335
      ],
      [
        -727113.1752127936,
        -35.565876063967835
      ],
      [
        -728585.5605795301,
        -42.92780289764991
      ],
      [
        -727944.2599443895,
        -39.72129972194699
      ],
      [
        -722368.1506009027,
        -11.840753004513573
      ],
      [
        -727147.0552848601,
        -35.73527642430116
      ],
      [
        -728582.7212660421,
        -42.91360633021091
      ],
      [
        -736202.0328321721,
        -81.01016416086108
      ],
      [
        -721757.7098639819,
        -8.788549319909635
      ],
      [
        -724226.0915488146,
        -21.130457744073425
      ],
      [
        -726324.3539680464,
        -31.621769840231735
      ],
      [
        -730705.4215766492,
        -53.527107883245634
      ],
      [
        -736546.693876895,
        -82.73346938447571
      ],
      [
        -735753.0504322493,
        -78.76525216124716
      ],
      [
        -733797.0396607755,
        -68.98519830387781
      ],
      [
        -726165.9933462722,
        -30.829966731360628
      ],
      [
        -732094.8511888237,
        -60.474255944118454
      ],
      [
        -725678.7175560923,
        -28.393587780461417
      ],
      [
        -728865.6489403766,
        -44.328244701883165
      ],
      [
        -729937.9261781437,
        -49.68963089071835
      ],
      [
        -725265.9761549176,
        -26.329880774588275
      ],
      [
        -732684.4400300788,
        -63.42220015039402
      ],
      [
        -730802.5622193292,
        -54.01281109664595
      ]
    ]
  },
  "improvement": {
    "cost_reward": -236.86376027890947,
    "stability_reward": -1.184318801394319,
    "scalarized": -142.5919836878893
  },
  "training_stats": {
    "num_episodes": 2,
    "final_episode_reward": [
      -726305.0338761602,
      -31.525169380800435
    ]
  },
  "model_path": "energynet_experiments/models/quick_test_with_pcs_1754422688_final.pth"
}